x,y,u
0.0000000000,0.0000000000,2.0000000000
0.0250000000,0.0000000000,2.1246747334
0.0500000000,0.0000000000,2.2474039593
0.0750000000,0.0000000000,2.3662725291
0.1000000000,0.0000000000,2.4794255386
0.1250000000,0.0000000000,2.5850972729
0.1500000000,0.0000000000,2.6816387600
0.1750000000,0.0000000000,2.7675435022
0.2000000000,0.0000000000,2.8414709848
0.2250000000,0.0000000000,2.9022675941
0.2500000000,0.0000000000,2.9489846194
0.2750000000,0.0000000000,2.9808930570
0.3000000000,0.0000000000,2.9974949866
0.3250000000,0.0000000000,2.9985313405
0.3500000000,0.0000000000,2.9839859469
0.3750000000,0.0000000000,2.9540857816
0.4000000000,0.0000000000,2.9092974268
0.4250000000,0.0000000000,2.8503197898
0.4500000000,0.0000000000,2.7780731969
0.4750000000,0.0000000000,2.6936850320
0.5000000000,0.0000000000,2.5984721441
0.5250000000,0.0000000000,2.4939202986
0.5500000000,0.0000000000,2.3816609921
0.5750000000,0.0000000000,2.2634459934
0.6000000000,0.0000000000,2.1411200081
0.6250000000,0.0000000000,2.0165918922
0.6500000000,0.0000000000,1.8918048655
0.6750000000,0.0000000000,1.7687061876
0.7000000000,0.0000000000,1.6492167723
0.7250000000,0.0000000000,1.5352012120
0.7500000000,0.0000000000,1.4284386813
0.7750000000,0.0000000000,1.3305951738
0.8000000000,0.0000000000,1.2431975047
0.8250000000,0.0000000000,1.1676094854
0.8500000000,0.0000000000,1.1050106418
0.8750000000,0.0000000000,1.0563778077
0.9000000000,0.0000000000,1.0224698823
0.9250000000,0.0000000000,1.0038159875
0.9500000000,0.0000000000,1.0007072110
0.9750000000,0.0000000000,1.0131920643
1.0000000000,0.0000000000,1.0692942732
0.0000000000,0.0250000000,2.1246747334
0.0250000000,0.0250000000,2.2492624257
0.0500000000,0.0250000000,2.3678961534
0.0750000000,0.0250000000,2.4804171175
0.1000000000,0.0250000000,2.5854188402
0.1250000000,0.0250000000,2.6813467306
0.1500000000,0.0250000000,2.7667200620
0.1750000000,0.0250000000,2.8402033247
0.2000000000,0.0250000000,2.9006410004
0.2250000000,0.0250000000,2.9470800611
0.2500000000,0.0250000000,2.9787863376
0.2750000000,0.0250000000,2.9952564487
0.3000000000,0.0250000000,2.9962257590
0.3250000000,0.0250000000,2.9816724748
0.3500000000,0.0250000000,2.9518179063
0.3750000000,0.0250000000,2.9071229250
0.4000000000,0.0250000000,2.8482806876
0.4250000000,0.0250000000,2.7762057416
0.4500000000,0.0250000000,2.6920196867
0.4750000000,0.0250000000,2.5970336124
0.5000000000,0.0250000000,2.4927275880
0.5250000000,0.0250000000,2.3807275220
0.5500000000,0.0250000000,2.2627797527
0.5750000000,0.0250000000,2.1407237665
0.6000000000,0.0250000000,2.0164634686
0.6250000000,0.0250000000,1.8919374576
0.6500000000,0.0250000000,1.7690887680
0.6750000000,0.0250000000,1.6498345591
0.7000000000,0.0250000000,1.5360362298
0.7250000000,0.0250000000,1.4294704408
0.7500000000,0.0250000000,1.3318015257
0.7750000000,0.0250000000,1.2445557767
0.8000000000,0.0250000000,1.1690981296
0.8250000000,0.0250000000,1.1066118836
0.8500000000,0.0250000000,1.0580824442
0.8750000000,0.0250000000,1.0242871151
0.9000000000,0.0250000000,1.0057962206
0.9250000000,0.0250000000,1.0030016750
0.9500000000,0.0250000000,1.0162277712
0.9750000000,0.0250000000,1.0461261401
1.0000000000,0.0250000000,1.0951504009
0.0000000000,0.0500000000,2.2474039593
0.0250000000,0.0500000000,2.3678960576
0.0500000000,0.0500000000,2.4808716366
0.0750000000,0.0500000000,2.5857725289
0.1000000000,0.0500000000,2.6813911357
0.1250000000,0.0500000000,2.7663945219
0.1500000000,0.0500000000,2.8395129403
0.1750000000,0.0500000000,2.8996209495
0.2000000000,0.0500000000,2.9457791087
0.2250000000,0.0500000000,2.9772587416
0.2500000000,0.0500000000,2.9935577452
0.2750000000,0.0500000000,2.9944104336
0.3000000000,0.0500000000,2.9797925976
0.3250000000,0.0500000000,2.9499222810
0.3500000000,0.0500000000,2.9052565295
0.3750000000,0.0500000000,2.8464842890
0.4000000000,0.0500000000,2.7745156262
0.4250000000,0.0500000000,2.6904674730
0.4500000000,0.0500000000,2.5956461313
0.4750000000,0.0500000000,2.4915268214
0.5000000000,0.0500000000,2.3797305969
0.5250000000,0.0500000000,2.2619989879
0.5500000000,0.0500000000,2.1401667717
0.5750000000,0.0500000000,2.0161332955
0.6000000000,0.0500000000,1.8918328008
0.6250000000,0.0500000000,1.7692042162
0.6500000000,0.0500000000,1.6501608928
0.6750000000,0.0500000000,1.5365607627
0.7000000000,0.0500000000,1.4301773995
0.7250000000,0.0500000000,1.3326724537
0.7500000000,0.0500000000,1.2455699347
0.7750000000,0.0500000000,1.1702328178
0.8000000000,0.0500000000,1.1078424884
0.8250000000,0.0500000000,1.0593816415
0.8500000000,0.0500000000,1.0256215069
0.8750000000,0.0500000000,1.0071148327
0.9000000000,0.0500000000,1.0041971105
0.9250000000,0.0500000000,1.0169995746
0.9500000000,0.0500000000,1.0454726097
0.9750000000,0.0500000000,1.0893688772
1.0000000000,0.0500000000,1.1478258865
0.0000000000,0.0750000000,2.3662725291
0.0250000000,0.0750000000,2.4804167889
0.0500000000,0.0750000000,2.5857721635
0.0750000000,0.0750000000,2.6814497002
0.1000000000,0.0750000000,2.7663126486
0.1250000000,0.0750000000,2.8392025827
0.1500000000,0.0750000000,2.8990557122
0.1750000000,0.0750000000,2.9449665396
0.2000000000,0.0750000000,2.9762249117
0.2250000000,0.0750000000,2.9923385044
0.2500000000,0.0750000000,2.9930463076
0.2750000000,0.0750000000,2.9783257043
0.3000000000,0.0750000000,2.9483943972
0.3250000000,0.0750000000,2.9037078312
0.3500000000,0.0750000000,2.8449525026
0.3750000000,0.0750000000,2.7730354388
0.4000000000,0.0750000000,2.6890701166
0.4250000000,0.0750000000,2.5943590900
0.4500000000,0.0750000000,2.4903736322
0.4750000000,0.0750000000,2.3787307252
0.5000000000,0.0750000000,2.2611677682
0.5250000000,0.0750000000,2.1395154058
0.5500000000,0.0750000000,2.0156689024
0.5750000000,0.0750000000,1.8915585153
0.6000000000,0.0750000000,1.7691193306
0.6250000000,0.0750000000,1.6502610362
0.6500000000,0.0750000000,1.5368381097
0.6750000000,0.0750000000,1.4306208943
0.7000000000,0.0750000000,1.3332680271
0.7250000000,0.0750000000,1.2463006708
0.7500000000,0.0750000000,1.1710789881
0.7750000000,0.0750000000,1.1087812824
0.8000000000,0.0750000000,1.0603862301
0.8250000000,0.0750000000,1.0266586337
0.8500000000,0.0750000000,1.0081391335
0.8750000000,0.0750000000,1.0051382163
0.9000000000,0.0750000000,1.0177342516
0.9250000000,0.0750000000,1.0457727275
0.9500000000,0.0750000000,1.0888550548
0.9750000000,0.0750000000,1.1462808504
1.0000000000,0.0750000000,1.2168694808
0.0000000000,0.1000000000,2.4794255386
0.0250000000,0.1000000000,2.5854181115
0.0500000000,0.1000000000,2.6813900758
0.0750000000,0.1000000000,2.7663117942
0.1000000000,0.1000000000,2.8391180398
0.1250000000,0.1000000000,2.8988120268
0.1500000000,0.1000000000,2.9445325573
0.1750000000,0.1000000000,2.9755975489
0.2000000000,0.1000000000,2.9915319590
0.2250000000,0.1000000000,2.9920850607
0.2500000000,0.1000000000,2.9772399866
0.2750000000,0.1000000000,2.9472172169
0.3000000000,0.1000000000,2.9024729904
0.3250000000,0.1000000000,2.8436932407
0.3500000000,0.1000000000,2.7717834876
0.3750000000,0.1000000000,2.6878550268
0.4000000000,0.1000000000,2.5932077476
0.4250000000,0.1000000000,2.4893099103
0.4500000000,0.1000000000,2.3777752395
0.4750000000,0.1000000000,2.2603377141
0.5000000000,0.1000000000,2.1388244620
0.5250000000,0.1000000000,2.0151271939
0.5500000000,0.1000000000,1.8911726255
0.5750000000,0.1000000000,1.7688923577
0.6000000000,0.1000000000,1.6501926864
0.6250000000,0.1000000000,1.5369248185
0.6500000000,0.1000000000,1.4308559641
0.6750000000,0.1000000000,1.3336417626
0.7000000000,0.1000000000,1.2468004830
0.7250000000,0.1000000000,1.1716894156
0.7500000000,0.1000000000,1.1094838443
0.7750000000,0.1000000000,1.0611589526
0.8000000000,0.1000000000,1.0274749759
0.8250000000,0.1000000000,1.0089658426
0.8500000000,0.1000000000,1.0059314063
0.8750000000,0.1000000000,1.0184330512
0.9000000000,0.1000000000,1.0462916670
0.9250000000,0.1000000000,1.0890852444
0.9500000000,0.1000000000,1.1461402563
0.9750000000,0.1000000000,1.2165091176
1.0000000000,0.1000000000,1.2989427771
0.0000000000,0.1250000000,2.5850972729
0.0250000000,0.1250000000,2.6813454096
0.0500000000,0.1250000000,2.7663923886
0.0750000000,0.1250000000,2.8392003117
0.1000000000,0.1250000000,2.8988104282
0.1250000000,0.1250000000,2.9443964324
0.1500000000,0.1250000000,2.9753035282
0.1750000000,0.1250000000,2.9910763155
0.2000000000,0.1250000000,2.9914774708
0.2250000000,0.1250000000,2.9764988518
0.2500000000,0.1250000000,2.9463662825
0.2750000000,0.1250000000,2.9015389311
0.3000000000,0.1250000000,2.8427039375
0.3250000000,0.1250000000,2.7707667868
0.3500000000,0.1250000000,2.6868378388
0.3750000000,0.1250000000,2.5922153845
0.4000000000,0.1250000000,2.4883655982
0.4250000000,0.1250000000,2.3768997588
0.4500000000,0.1250000000,2.2595491395
0.4750000000,0.1250000000,2.1381379826
0.5000000000,0.1250000000,2.0145549975
0.5250000000,0.1250000000,1.8907238383
0.5500000000,0.1250000000,1.7685730306
0.5750000000,0.1250000000,1.6500058206
0.6000000000,0.1250000000,1.5368704232
0.6250000000,0.1250000000,1.4309311352
0.6500000000,0.1250000000,1.3338407724
0.6750000000,0.1250000000,1.2471148609
0.7000000000,0.1250000000,1.1721079949
0.7250000000,0.1250000000,1.1099927336
0.7500000000,0.1250000000,1.0617413719
0.7750000000,0.1250000000,1.0281108693
0.8000000000,0.1250000000,1.0096311536
0.8250000000,0.1250000000,1.0065969182
0.8500000000,0.1250000000,1.0190628751
0.8750000000,0.1250000000,1.0468421543
0.9000000000,0.1250000000,1.0895071041
0.9250000000,0.1250000000,1.1463911943
0.9500000000,0.1250000000,1.2165906797
0.9750000000,0.1250000000,1.2989674670
1.0000000000,0.1250000000,1.3921656008
0.0000000000,0.1500000000,2.6816387600
0.0250000000,0.1500000000,2.7667179339
0.0500000000,0.1500000000,2.8395093106
0.0750000000,0.1500000000,2.8990513972
0.1000000000,0.1500000000,2.9445285315
0.1250000000,0.1500000000,2.9753009010
0.1500000000,0.1500000000,2.9909275427
0.1750000000,0.1500000000,2.9911830623
0.2000000000,0.1500000000,2.9760683334
0.2250000000,0.1500000000,2.9458155445
0.2500000000,0.1500000000,2.9008880417
0.2750000000,0.1500000000,2.8419754215
0.3000000000,0.1500000000,2.7699843007
0.3250000000,0.1500000000,2.6860251581
0.3500000000,0.1500000000,2.5913956331
0.3750000000,0.1500000000,2.4875606603
0.4000000000,0.1500000000,2.3761298326
0.4250000000,0.1500000000,2.2588323996
0.4500000000,0.1500000000,2.1374903295
0.4750000000,0.1500000000,2.0139898778
0.5000000000,0.1500000000,1.8902521247
0.5250000000,0.1500000000,1.7682029503
0.5500000000,0.1500000000,1.6497429267
0.5750000000,0.1500000000,1.5367176005
0.6000000000,0.1500000000,1.4308886347
0.6250000000,0.1500000000,1.3339062636
0.6500000000,0.1500000000,1.2472834944
0.6750000000,0.1500000000,1.1723724586
0.7000000000,0.1500000000,1.1103432859
0.7250000000,0.1500000000,1.0621658284
0.7500000000,0.1500000000,1.0285945151
0.7750000000,0.1500000000,1.0101565581
0.8000000000,0.1500000000,1.0071436577
0.8250000000,0.1500000000,1.0196072607
0.8500000000,0.1500000000,1.0473572999
0.8750000000,0.1500000000,1.0899641911
0.9000000000,0.1500000000,1.1467637069
0.9250000000,0.1500000000,1.2168643537
0.9500000000,0.1500000000,1.2991574681
0.9750000000,0.1500000000,1.3923321938
1.0000000000,0.1500000000,1.4949011176
0.0000000000,0.1750000000,2.7675435022
0.0250000000,0.1750000000,2.8402001546
0.0500000000,0.1750000000,2.8996153596
0.0750000000,0.1750000000,2.9449594938
0.1000000000,0.1750000000,2.9755901898
0.1250000000,0.1750000000,2.9910699393
0.1500000000,0.1750000000,2.9911790994
0.1750000000,0.1750000000,2.9759244786
0.2000000000,0.1750000000,2.9455433825
0.2250000000,0.1750000000,2.9005031048
0.2500000000,0.1750000000,2.8414959980
0.2750000000,0.1750000000,2.7694303623
0.3000000000,0.1750000000,2.6854174515
0.3250000000,0.1750000000,2.5907549346
0.3500000000,0.1750000000,2.4869071749
0.3750000000,0.1750000000,2.3754827152
0.4000000000,0.1750000000,2.2582093783
0.4250000000,0.1750000000,2.1369074118
0.4500000000,0.1750000000,2.0134611275
0.4750000000,0.1750000000,1.8897894964
0.5000000000,0.1750000000,1.7678161757
0.5250000000,0.1750000000,1.6494394426
0.5500000000,0.1750000000,1.5365025138
0.5750000000,0.1750000000,1.4307647192
0.6000000000,0.1750000000,1.3338739811
0.6250000000,0.1750000000,1.2473410344
0.6500000000,0.1750000000,1.1725157891
0.6750000000,0.1750000000,1.1105662061
0.7000000000,0.1750000000,1.0624600145
0.7250000000,0.1750000000,1.0289495503
0.7500000000,0.1750000000,1.0105599454
0.7750000000,0.1750000000,1.0075808297
0.8000000000,0.1750000000,1.0200616434
0.8250000000,0.1750000000,1.0478105712
0.8500000000,0.1750000000,1.0903970303
0.8750000000,0.1750000000,1.1471575592
0.9000000000,0.1750000000,1.2172049346
0.9250000000,0.1750000000,1.2994404620
0.9500000000,0.1750000000,1.3925698129
0.9750000000,0.1750000000,1.4951235790
1.0000000000,0.1750000000,1.6054843551
0.0000000000,0.2000000000,2.8414709848
0.0250000000,0.2000000000,2.9006365333
0.0500000000,0.2000000000,2.9457710559
0.0750000000,0.2000000000,2.9762143909
0.1000000000,0.2000000000,2.9915202875
0.1250000000,0.2000000000,2.9914661367
0.1500000000,0.2000000000,2.9760589729
0.1750000000,0.2000000000,2.9455377613
0.2000000000,0.2000000000,2.9003718280
0.2250000000,0.2000000000,2.8412553603
0.2500000000,0.2000000000,2.7690980341
0.2750000000,0.2000000000,2.6850119350
0.3000000000,0.2000000000,2.5902950256
0.3250000000,0.2000000000,2.4864114737
0.3500000000,0.2000000000,2.3749692022
0.3750000000,0.2000000000,2.2576950562
0.4000000000,0.2000000000,2.1364080112
0.4250000000,0.2000000000,2.0129908695
0.4500000000,0.2000000000,1.8893609070
0.4750000000,0.2000000000,1.7674399445
0.5000000000,0.2000000000,1.6491243234
0.5250000000,0.2000000000,1.5362552595
0.5500000000,0.2000000000,1.4305900488
0.5750000000,0.2000000000,1.3337745739
0.6000000000,0.2000000000,1.2473175469
0.6250000000,0.2000000000,1.1725668907
0.6500000000,0.2000000000,1.1106886288
0.6750000000,0.2000000000,1.0626486124
0.7000000000,0.2000000000,1.0291973673
0.7250000000,0.2000000000,1.0108582912
0.7500000000,0.2000000000,1.0079193767
0.7750000000,0.2000000000,1.0204285710
0.8000000000,0.2000000000,1.0481928215
0.8250000000,0.2000000000,1.0907807856
0.8500000000,0.2000000000,1.1475291224
0.8750000000,0.2000000000,1.2175522419
0.9000000000,0.2000000000,1.2997553853
0.9250000000,0.2000000000,1.3928509989
0.9500000000,0.2000000000,1.4953785497
0.9750000000,0.2000000000,1.6057281366
1.0000000000,0.2000000000,1.7221681078
0.0000000000,0.2250000000,2.9022675941
0.0250000000,0.2250000000,2.9470740222
0.0500000000,0.2250000000,2.9772476841
0.0750000000,0.2250000000,2.9923237081
0.1000000000,0.2250000000,2.9920680257
0.1250000000,0.2250000000,2.9764812659
0.1500000000,0.2250000000,2.9457992565
0.1750000000,0.2250000000,2.9004901021
0.2000000000,0.2250000000,2.8412477511
0.2250000000,0.2250000000,2.7689820285
0.2500000000,0.2250000000,2.6848052052
0.2750000000,0.2250000000,2.5900152772
0.3000000000,0.2250000000,2.4860762056
0.3250000000,0.2250000000,2.3745954386
0.3500000000,0.2250000000,2.2572990835
0.3750000000,0.2250000000,2.1360051374
0.4000000000,0.2250000000,2.0125952136
0.4250000000,0.2250000000,1.8889852219
0.4500000000,0.2250000000,1.7670954740
0.4750000000,0.2250000000,1.6488206899
0.5000000000,0.2250000000,1.5360003843
0.5250000000,0.2250000000,1.4303900988
0.5500000000,0.2250000000,1.3336339358
0.5750000000,0.2250000000,1.2472388243
0.6000000000,0.2250000000,1.1725509223
0.6250000000,0.2250000000,1.1107345256
0.6500000000,0.2250000000,1.0627538116
0.6750000000,0.2250000000,1.0293577017
0.7000000000,0.2250000000,1.0110680772
0.7250000000,0.2250000000,1.0081715253
0.7500000000,0.2250000000,1.0207147380
0.7750000000,0.2250000000,1.0485036226
0.8000000000,0.2250000000,1.0911061239
0.8250000000,0.2250000000,1.1478586974
0.8500000000,0.2250000000,1.2178763215
0.8750000000,0.2250000000,1.3000659033
0.9000000000,0.2250000000,1.3931429223
0.9250000000,0.2250000000,1.4956511872
0.9500000000,0.2250000000,1.6059856234
0.9750000000,0.2250000000,1.7224179968
1.0000000000,0.2250000000,1.8431252525
0.0000000000,0.2500000000,2.9489846194
0.0250000000,0.2500000000,2.9787784314
0.0500000000,0.2500000000,2.9935431008
0.0750000000,0.2500000000,2.9930263771
0.1000000000,0.2500000000,2.9772164633
0.1250000000,0.2500000000,2.9463410651
0.1500000000,0.2500000000,2.9008632018
0.1750000000,0.2500000000,2.8414737537
0.2000000000,0.2500000000,2.7690807269
0.2250000000,0.2500000000,2.6847952820
0.2500000000,0.2500000000,2.5899146518
0.2750000000,0.2500000000,2.4859021531
0.3000000000,0.2500000000,2.3743645722
0.3250000000,0.2500000000,2.2570272625
0.3500000000,0.2500000000,2.1357073405
0.3750000000,0.2500000000,2.0122854017
0.4000000000,0.2500000000,1.8886762062
0.4250000000,0.2500000000,1.7667987962
0.4500000000,0.2500000000,1.6485465218
0.4750000000,0.2500000000,1.5357574473
0.5000000000,0.2500000000,1.4301856053
0.5250000000,0.2500000000,1.3334735514
0.5500000000,0.2500000000,1.2471266514
0.5750000000,0.2500000000,1.1724895039
0.6000000000,0.2500000000,1.1107248677
0.6250000000,0.2500000000,1.0627954244
0.6500000000,0.2500000000,1.0294486592
0.6750000000,0.2500000000,1.0112050956
0.7000000000,0.2500000000,1.0083500646
0.7250000000,0.2500000000,1.0209291334
0.7500000000,0.2500000000,1.0487472589
0.7750000000,0.2500000000,1.0913716727
0.8000000000,0.2500000000,1.1481384454
0.8250000000,0.2500000000,1.2181626233
0.8500000000,0.2500000000,1.3003517837
0.8750000000,0.2500000000,1.3934228156
0.9000000000,0.2500000000,1.4959217161
0.9250000000,0.2500000000,1.6062461756
0.9500000000,0.2500000000,1.7226707128
0.9750000000,0.2500000000,1.8433740493
1.0000000000,0.2500000000,1.9664682552
0.0000000000,0.2750000000,2.9808930570
0.0250000000,0.2750000000,2.9952463572
0.0500000000,0.2750000000,2.9943915764
0.0750000000,0.2750000000,2.9782997179
0.1000000000,0.2750000000,2.9471860023
0.1250000000,0.2750000000,2.9015046120
0.1500000000,0.2750000000,2.8419403073
0.1750000000,0.2750000000,2.7693969147
0.2000000000,0.2750000000,2.6849827402
0.2250000000,0.2750000000,2.5899930216
0.2500000000,0.2750000000,2.4858896058
0.2750000000,0.2750000000,2.3742781017
0.3000000000,0.2750000000,2.2568828234
0.3250000000,0.2750000000,2.1355198880
0.3500000000,0.2750000000,2.0120688725
0.3750000000,0.2750000000,1.8884434670
0.4000000000,0.2750000000,1.7665615792
0.4250000000,0.2750000000,1.6483153575
0.4500000000,0.2750000000,1.5355416036
0.4750000000,0.2750000000,1.4299930365
0.5000000000,0.2750000000,1.3333108620
0.5250000000,0.2750000000,1.2469990740
0.5500000000,0.2750000000,1.1724008942
0.5750000000,0.2750000000,1.1106777158
0.6000000000,0.2750000000,1.0627908834
0.6250000000,0.2750000000,1.0294865905
0.6500000000,0.2750000000,1.0112841335
0.6750000000,0.2750000000,1.0084677003
0.7000000000,0.2750000000,1.0210818237
0.7250000000,0.2750000000,1.0489305642
0.7500000000,0.2750000000,1.0915804350
0.7750000000,0.2750000000,1.1483670177
0.8000000000,0.2750000000,1.2184051650
0.8250000000,0.2750000000,1.3006026316
0.8500000000,0.2750000000,1.3936769301
0.8750000000,0.2750000000,1.4961751666
0.9000000000,0.2750000000,1.6064965836
0.9250000000,0.2750000000,1.7229175040
0.9500000000,0.2750000000,1.8436183372
0.9750000000,0.2750000000,1.9667122415
1.0000000000,0.2750000000,2.0902749403
0.0000000000,0.3000000000,2.9974949866
0.0250000000,0.3000000000,2.9962131387
0.0500000000,0.3000000000,2.9797688522
0.0750000000,0.3000000000,2.9483613632
0.1000000000,0.3000000000,2.9024327940
0.1250000000,0.3000000000,2.8426589470
0.1500000000,0.3000000000,2.7699370825
0.1750000000,0.3000000000,2.6853707300
0.2000000000,0.3000000000,2.5902516480
0.2250000000,0.3000000000,2.4860391117
0.2500000000,0.3000000000,2.3743367705
0.2750000000,0.3000000000,2.2568673731
0.3000000000,0.3000000000,2.1354457101
0.3250000000,0.3000000000,2.0119501642
0.3500000000,0.3000000000,1.8882932920
0.3750000000,0.3000000000,1.7663918839
0.4000000000,0.3000000000,1.6481369608
0.4250000000,0.3000000000,1.5353641740
0.4500000000,0.3000000000,1.4298250661
0.4750000000,0.3000000000,1.3331596424
0.5000000000,0.3000000000,1.2468706802
0.5250000000,0.3000000000,1.1723001782
0.5500000000,0.3000000000,1.1106083125
0.5750000000,0.3000000000,1.0627552300
0.6000000000,0.3000000000,1.0294859605
0.6250000000,0.3000000000,1.0113186864
0.6500000000,0.3000000000,1.0085365492
0.6750000000,0.3000000000,1.0211831212
0.7000000000,0.3000000000,1.0490616120
0.7250000000,0.3000000000,1.0917378197
0.7500000000,0.3000000000,1.1485467797
0.7750000000,0.3000000000,1.2186030055
0.8000000000,0.3000000000,1.3008141641
0.8250000000,0.3000000000,1.3938979741
0.8500000000,0.3000000000,1.4964020722
0.8750000000,0.3000000000,1.6067265529
0.9000000000,0.3000000000,1.7231488526
0.9250000000,0.3000000000,1.8438506124
0.9500000000,0.3000000000,1.9669461203
0.9750000000,0.3000000000,2.0905118842
1.0000000000,0.3000000000,2.2126168291
0.0000000000,0.3250000000,2.9985313405
0.0250000000,0.3250000000,2.9816569526
0.0500000000,0.3250000000,2.9498929153
0.0750000000,0.3250000000,2.9036666774
0.1000000000,0.3250000000,2.8436426728
0.1250000000,0.3250000000,2.7707094424
0.1500000000,0.3250000000,2.6859638863
0.1750000000,0.3250000000,2.5906927473
0.2000000000,0.3250000000,2.4863515023
0.2250000000,0.3250000000,2.3745408959
0.2500000000,0.3250000000,2.2569814121
0.2750000000,0.3250000000,2.1354860202
0.3000000000,0.3250000000,2.0119315794
0.3250000000,0.3250000000,1.8882293145
0.3500000000,0.3250000000,1.7662948002
0.3750000000,0.3250000000,1.6480179077
0.4000000000,0.3250000000,1.5352331703
0.4250000000,0.3250000000,1.4296910251
0.4500000000,0.3250000000,1.3330303740
0.4750000000,0.3250000000,1.2467528904
0.5000000000,0.3250000000,1.1721994705
0.5250000000,0.3250000000,1.1105291951
0.5500000000,0.3250000000,1.0627011316
0.5750000000,0.3250000000,1.0294592574
0.6000000000,0.3250000000,1.0113207409
0.6250000000,0.3250000000,1.0085677626
0.6500000000,0.3250000000,1.0212430020
0.6750000000,0.3250000000,1.0491488618
0.7000000000,0.3250000000,1.0918504384
0.7250000000,0.3250000000,1.1486821937
0.7500000000,0.3250000000,1.2187582216
0.7750000000,0.3250000000,1.3009859501
0.8000000000,0.3250000000,1.3940830670
0.8250000000,0.3250000000,1.4965974084
0.8500000000,0.3250000000,1.6069295064
0.8750000000,0.3250000000,1.7233574550
0.9000000000,0.3250000000,1.8440637189
0.9250000000,0.3250000000,1.9671634771
0.9500000000,0.3250000000,2.0907340668
0.9750000000,0.3250000000,2.2128450553
1.0000000000,0.3250000000,2.3315884443
0.0000000000,0.3500000000,2.9839859469
0.0250000000,0.3500000000,2.9517990739
0.0500000000,0.3500000000,2.9052207439
0.0750000000,0.3500000000,2.8449020614
0.1000000000,0.3500000000,2.7717210410
0.1250000000,0.3500000000,2.6867663255
0.1500000000,0.3500000000,2.5913182178
0.1750000000,0.3500000000,2.4868271896
0.2000000000,0.3500000000,2.3748900927
0.2250000000,0.3500000000,2.2572243627
0.2500000000,0.3500000000,2.1356405493
0.2750000000,0.3500000000,2.0120135493
0.3000000000,0.3500000000,1.8882529502
0.3250000000,0.3500000000,1.7662729143
0.3500000000,0.3500000000,1.6479620520
0.3750000000,0.3500000000,1.5351537346
0.4000000000,0.3500000000,1.4295972997
0.4250000000,0.3500000000,1.3329305884
0.4500000000,0.3500000000,1.2466542378
0.4750000000,0.3500000000,1.1721081252
0.5000000000,0.3500000000,1.1104503288
0.5250000000,0.3500000000,1.0626389319
0.5500000000,0.3500000000,1.0294169519
0.5750000000,0.3500000000,1.0113006301
0.6000000000,0.3500000000,1.0085712620
0.6250000000,0.3500000000,1.0212706968
0.6500000000,0.3500000000,1.0492005744
0.6750000000,0.3500000000,1.0919253115
0.7000000000,0.3500000000,1.1487787894
0.7250000000,0.3500000000,1.2188746389
0.7500000000,0.3500000000,1.3011199617
0.7750000000,0.3500000000,1.3942322744
0.8000000000,0.3500000000,1.4967594137
0.8250000000,0.3500000000,1.6071020935
0.8500000000,0.3500000000,1.7235387686
0.8750000000,0.3500000000,1.8442524234
0.9000000000,0.3500000000,1.9673588728
0.9250000000,0.3500000000,2.0909361409
0.9500000000,0.3500000000,2.2130544574
0.9750000000,0.3500000000,2.3318063947
1.0000000000,0.3500000000,2.4453366585
0.0000000000,0.3750000000,2.9540857816
0.0250000000,0.3750000000,2.9071003318
0.0500000000,0.3750000000,2.8464412025
0.0750000000,0.3750000000,2.7729744280
0.1000000000,0.3750000000,2.6877790539
0.1250000000,0.3750000000,2.5921277293
0.1500000000,0.3750000000,2.4874648450
0.1750000000,0.3750000000,2.3753824334
0.2000000000,0.3750000000,2.2575941072
0.2250000000,0.3750000000,2.1359073692
0.2500000000,0.3750000000,2.0121946625
0.2750000000,0.3750000000,1.8883635667
0.3000000000,0.3750000000,1.7663265660
0.3250000000,0.3750000000,1.6479708307
0.3500000000,0.3750000000,1.5351284624
0.3750000000,0.3750000000,1.4295476474
0.4000000000,0.3750000000,1.3328651581
0.4250000000,0.3750000000,1.2465806193
0.4500000000,0.3750000000,1.1720329370
0.4750000000,0.3750000000,1.1103792489
0.5000000000,0.3750000000,1.0625767247
0.5250000000,0.3750000000,1.0293674961
0.5500000000,0.3750000000,1.0112669490
0.5750000000,0.3750000000,1.0085555602
0.6000000000,0.3750000000,1.0212744051
0.6250000000,0.3750000000,1.0492244046
0.6500000000,0.3750000000,1.0919693221
0.6750000000,0.3750000000,1.1488424640
0.7000000000,0.3750000000,1.2189569785
0.7250000000,0.3750000000,1.3012195907
0.7500000000,0.3750000000,1.3943475611
0.7750000000,0.3750000000,1.4968886029
0.8000000000,0.3750000000,1.6072434488
0.8250000000,0.3750000000,1.7236907180
0.8500000000,0.3750000000,1.8444136989
0.8750000000,0.3750000000,1.9675286318
0.9000000000,0.3750000000,2.0911140565
0.9250000000,0.3750000000,2.2132407664
0.9500000000,0.3750000000,2.3320018999
0.9750000000,0.3750000000,2.4455426944
1.0000000000,0.3750000000,2.5520894250
0.0000000000,0.4000000000,2.9092974268
0.0250000000,0.4000000000,2.8482538309
0.0500000000,0.4000000000,2.7744642584
0.0750000000,0.4000000000,2.6889971140
0.1000000000,0.4000000000,2.5931164295
0.1250000000,0.4000000000,2.4882596360
0.1500000000,0.4000000000,2.3760131591
0.1750000000,0.4000000000,2.2580861010
0.2000000000,0.4000000000,2.1362823326
0.2250000000,0.4000000000,2.0124713609
0.2500000000,0.4000000000,1.8885583725
0.2750000000,0.4000000000,1.7664538768
0.3000000000,0.4000000000,1.6480433864
0.3250000000,0.4000000000,1.5351575822
0.3500000000,0.4000000000,1.4295434053
0.3750000000,0.4000000000,1.3328365101
0.4000000000,0.4000000000,1.2465354969
0.4250000000,0.4000000000,1.1719783142
0.4500000000,0.4000000000,1.1103211936
0.4750000000,0.4000000000,1.0625204390
0.5000000000,0.4000000000,1.0293173503
0.5250000000,0.4000000000,1.0112265154
0.5500000000,0.4000000000,1.0085276480
0.5750000000,0.4000000000,1.0212610999
0.6000000000,0.4000000000,1.0492271135
0.6250000000,0.4000000000,1.0919888278
0.6500000000,0.4000000000,1.1488789880
0.6750000000,0.4000000000,1.2190102543
0.7000000000,0.4000000000,1.3012889483
0.7250000000,0.4000000000,1.3944320224
0.7500000000,0.4000000000,1.4969869873
0.7750000000,0.4000000000,1.6073544875
0.8000000000,0.4000000000,1.7238131739
0.8250000000,0.4000000000,1.8445464858
0.8500000000,0.4000000000,1.9676709282
0.8750000000,0.4000000000,2.0912654040
0.9000000000,0.4000000000,2.2134011463
0.9250000000,0.4000000000,2.3321717815
0.9500000000,0.4000000000,2.4457230560
0.9750000000,0.4000000000,2.5522817532
1.0000000000,0.4000000000,2.6501833463
0.0000000000,0.4250000000,2.8503197898
0.0250000000,0.4250000000,2.7761740542
0.0500000000,0.4250000000,2.6904067200
0.0750000000,0.4250000000,2.5942725008
0.1000000000,0.4250000000,2.4892012176
0.1250000000,0.4250000000,2.3767730893
0.1500000000,0.4250000000,2.2586921634
0.1750000000,0.4250000000,2.1367581962
0.2000000000,0.4250000000,2.0128373414
0.2250000000,0.4250000000,1.8888320429
0.2500000000,0.4250000000,1.7666505511
0.2750000000,0.4250000000,1.6481764987
0.3000000000,0.4250000000,1.5352389804
0.3250000000,0.4250000000,1.4295835752
0.3500000000,0.4250000000,1.3328447462
0.3750000000,0.4250000000,1.2465200299
0.4000000000,0.4250000000,1.1719464074
0.4250000000,0.4250000000,1.1102792151
0.4500000000,0.4250000000,1.0624739178
0.4750000000,0.4250000000,1.0292710217
0.5000000000,0.4250000000,1.0111843598
0.5250000000,0.4250000000,1.0084929279
0.5500000000,0.4250000000,1.0212363963
0.5750000000,0.4250000000,1.0492143671
0.6000000000,0.4250000000,1.0919893836
0.6250000000,0.4250000000,1.1488936473
0.6500000000,0.4250000000,1.2190393341
0.6750000000,0.4250000000,1.3013323495
0.7000000000,0.4250000000,1.3944893067
0.7250000000,0.4250000000,1.4970574628
0.7500000000,0.4250000000,1.6074373023
0.7750000000,0.4250000000,1.7239074152
0.8000000000,0.4250000000,1.8446512826
0.8250000000,0.4250000000,1.9677855526
0.8500000000,0.4250000000,2.0913893673
0.8750000000,0.4250000000,2.2135342828
0.9000000000,0.4250000000,2.3323143182
0.9250000000,0.4250000000,2.4458756614
0.9500000000,0.4250000000,2.5524455702
0.9750000000,0.4250000000,2.6503600105
1.0000000000,0.4250000000,2.7380895991
0.0000000000,0.4500000000,2.7780731969
0.0250000000,0.4500000000,2.6919825207
0.0500000000,0.4500000000,2.5955747356
0.0750000000,0.4500000000,2.4902716465
0.1000000000,0.4500000000,2.3776468818
0.1250000000,0.4500000000,2.2593990721
0.1500000000,0.4500000000,2.1373235233
0.1750000000,0.4500000000,2.0132827315
0.2000000000,0.4500000000,1.8891761290
0.2250000000,0.4500000000,1.7669094772
0.2500000000,0.4500000000,1.6483643394
0.2750000000,0.4500000000,1.5353680734
0.3000000000,0.4500000000,1.4296647833
0.3250000000,0.4500000000,1.3328876614
0.3500000000,0.4500000000,1.2465331312
0.3750000000,0.4500000000,1.1719371821
0.4000000000,0.4500000000,1.1102542522
0.4250000000,0.4500000000,1.0624389799
0.4500000000,0.4500000000,1.0292311023
0.4750000000,0.4500000000,1.0111437299
0.5000000000,0.4500000000,1.0084551759
0.5250000000,0.4500000000,1.0212044667
0.5500000000,0.4500000000,1.0491905967
0.5750000000,0.4500000000,1.0919755420
0.6000000000,0.4500000000,1.1488909801
0.6250000000,0.4500000000,1.2190486120
0.6500000000,0.4500000000,1.3013539237
0.6750000000,0.4500000000,1.3945231715
0.7000000000,0.4500000000,1.4971033257
0.7250000000,0.4500000000,1.6074946612
0.7500000000,0.4500000000,1.7239756412
0.7750000000,0.4500000000,1.8447297083
0.8000000000,0.4500000000,1.9678735616
0.8250000000,0.4500000000,2.0914864831
0.8500000000,0.4500000000,2.2136402529
0.8750000000,0.4500000000,2.3324291893
0.9000000000,0.4500000000,2.4459998439
0.9250000000,0.4500000000,2.5525798889
0.9500000000,0.4500000000,2.6505057431
0.9750000000,0.4500000000,2.7382485057
1.0000000000,0.4500000000,2.8144377883
0.0000000000,0.4750000000,2.6936850320
0.0250000000,0.4750000000,2.5969902184
0.0500000000,0.4750000000,2.4914433324
0.0750000000,0.4750000000,2.3786112639
0.1000000000,0.4750000000,2.2601870750
0.1250000000,0.4750000000,2.1379614657
0.1500000000,0.4750000000,2.0137931203
0.1750000000,0.4750000000,1.8895783111
0.2000000000,0.4750000000,1.7672201737
0.2250000000,0.4750000000,1.6485980797
0.2500000000,0.4750000000,1.5355375469
0.2750000000,0.4750000000,1.4297811217
0.3000000000,0.4750000000,1.3329606635
0.3250000000,0.4750000000,1.2465714410
0.3500000000,0.4750000000,1.1719484287
0.3750000000,0.4750000000,1.1102451596
0.4000000000,0.4750000000,1.0624154530
0.4250000000,0.4750000000,1.0291982944
0.4500000000,0.4750000000,1.0111060971
0.4750000000,0.4750000000,1.0084165229
0.5000000000,0.4750000000,1.0211679852
0.5250000000,0.4750000000,1.0491589025
0.5500000000,0.4750000000,1.0919507108
0.5750000000,0.4750000000,1.1488745850
0.6000000000,0.4750000000,1.2190417642
0.6250000000,0.4750000000,1.3013573182
0.6500000000,0.4750000000,1.3945371381
0.6750000000,0.4750000000,1.4971278861
0.7000000000,0.4750000000,1.6075295926
0.7250000000,0.4750000000,1.7240205463
0.7500000000,0.4750000000,1.8447840898
0.7750000000,0.4750000000,1.9679369016
0.8000000000,0.4750000000,2.0915583235
0.8250000000,0.4750000000,2.2137202759
0.8500000000,0.4750000000,2.3325172934
0.8750000000,0.4750000000,2.4460962142
0.9000000000,0.4750000000,2.5526850585
0.9250000000,0.4750000000,2.6506206443
0.9500000000,0.4750000000,2.7383745120
0.9750000000,0.4750000000,2.8145767484
1.0000000000,0.4750000000,2.8780373400
0.0000000000,0.5000000000,2.5984721441
0.0250000000,0.5000000000,2.4926770876
0.0500000000,0.5000000000,2.3796333190
0.0750000000,0.5000000000,2.2610284126
0.1000000000,0.5000000000,2.1386485163
0.1250000000,0.5000000000,2.0143485296
0.1500000000,0.5000000000,1.8900215712
0.1750000000,0.5000000000,1.7675681407
0.2000000000,0.5000000000,1.6488653980
0.2250000000,0.5000000000,1.5357369957
0.2500000000,0.5000000000,1.4299238976
0.2750000000,0.5000000000,1.3330566090
0.3000000000,0.5000000000,1.2466292296
0.3250000000,0.5000000000,1.1719757133
0.3500000000,0.5000000000,1.1102486910
0.3750000000,0.5000000000,1.0624011742
0.4000000000,0.5000000000,1.0291714163
0.4250000000,0.5000000000,1.0110711587
0.4500000000,0.5000000000,1.0083774401
0.4750000000,0.5000000000,1.0211280923
0.5000000000,0.5000000000,1.0491209886
0.5250000000,0.5000000000,1.0919170525
0.5500000000,0.5000000000,1.1488469801
0.5750000000,0.5000000000,1.2190215656
0.6000000000,0.5000000000,1.3013454713
0.6250000000,0.5000000000,1.3945342214
0.6500000000,0.5000000000,1.4971341583
0.6750000000,0.5000000000,1.6075450436
0.7000000000,0.5000000000,1.7240449555
0.7250000000,0.5000000000,1.8448170893
0.7500000000,0.5000000000,1.9679780447
0.7750000000,0.5000000000,2.0916071571
0.8000000000,0.5000000000,2.2137764146
0.8250000000,0.5000000000,2.3325804947
0.8500000000,0.5000000000,2.4461664502
0.8750000000,0.5000000000,2.5527625828
0.9000000000,0.5000000000,2.6507060527
0.9250000000,0.5000000000,2.7384687936
0.9500000000,0.5000000000,2.8146813294
0.9750000000,0.5000000000,2.8781541185
1.0000000000,0.5000000000,2.9278960956
0.0000000000,0.5250000000,2.4939202986
0.0250000000,0.5250000000,2.3806688718
0.0500000000,0.5250000000,2.2618859132
0.0750000000,0.5250000000,2.1393533051
0.1000000000,0.5250000000,2.0149224001
0.1250000000,0.5250000000,1.8904833544
0.1500000000,0.5250000000,1.7679341811
0.1750000000,0.5250000000,1.6491499420
0.2000000000,0.5250000000,1.5359525083
0.2250000000,0.5250000000,1.4300813215
0.2500000000,0.5250000000,1.3331655779
0.2750000000,0.5250000000,1.2466982425
0.3000000000,0.5250000000,1.1720122776
0.3250000000,0.5250000000,1.1102594391
0.3500000000,0.5250000000,1.0623919591
0.3750000000,0.5250000000,1.0291473883
0.4000000000,0.5250000000,1.0110368277
0.4250000000,0.5250000000,1.0083367269
0.4500000000,0.5250000000,1.0210843703
0.4750000000,0.5250000000,1.0490771190
0.5000000000,0.5250000000,1.0918754158
0.5250000000,0.5250000000,1.1488095047
0.5500000000,0.5250000000,1.2189897570
0.5750000000,0.5250000000,1.3013204413
0.6000000000,0.5250000000,1.3945167213
0.6250000000,0.5250000000,1.4971246145
0.6500000000,0.5250000000,1.6075435992
0.6750000000,0.5250000000,1.7240515163
0.7000000000,0.5250000000,1.8448313765
0.7250000000,0.5250000000,1.9679996524
0.7500000000,0.5250000000,2.0916356158
0.7750000000,0.5250000000,2.2138112592
0.8000000000,0.5250000000,2.3326213343
0.8250000000,0.5250000000,2.4462130403
0.8500000000,0.5250000000,2.5528148955
0.8750000000,0.5250000000,2.6507643435
0.9000000000,0.5250000000,2.7385336617
0.9250000000,0.5250000000,2.8147537698
0.9500000000,0.5250000000,2.8782355660
0.9750000000,0.5250000000,2.9279884589
1.0000000000,0.5250000000,2.9632358068
0.0000000000,0.5500000000,2.3816609921
0.0250000000,0.5500000000,2.2627116958
0.0500000000,0.5500000000,2.1400354898
0.0750000000,0.5500000000,2.0154806532
0.1000000000,0.5500000000,1.8909347861
0.1250000000,0.5500000000,1.7682937561
0.1500000000,0.5500000000,1.6494308061
0.1750000000,0.5500000000,1.5361662495
0.2000000000,0.5500000000,1.4302381818
0.2250000000,0.5500000000,1.3332746258
0.2500000000,0.5500000000,1.2467675171
0.2750000000,0.5500000000,1.1720489088
0.3000000000,0.5500000000,1.1102697487
0.3250000000,0.5500000000,1.0623815457
0.3500000000,0.5500000000,1.0291211980
0.3750000000,0.5500000000,1.0109992132
0.4000000000,0.5500000000,1.0082914957
0.4250000000,0.5500000000,1.0210348249
0.4500000000,0.5500000000,1.0490260902
0.4750000000,0.5500000000,1.0918252909
0.5000000000,0.5500000000,1.1487622526
0.5250000000,0.5500000000,1.2189469512
0.5500000000,0.5500000000,1.3012832833
0.5750000000,0.5500000000,1.3944860651
0.6000000000,0.5500000000,1.4971009934
0.6250000000,0.5500000000,1.6075272566
0.6500000000,0.5500000000,1.7240424412
0.6750000000,0.5500000000,1.8448293442
0.7000000000,0.5500000000,1.9680042717
0.7250000000,0.5500000000,2.0916463818
0.7500000000,0.5500000000,2.2138276123
0.7750000000,0.5500000000,2.3326427254
0.8000000000,0.5500000000,2.4462389990
0.8250000000,0.5500000000,2.5528451014
0.8500000000,0.5500000000,2.6507986975
0.8750000000,0.5500000000,2.7385723547
0.9000000000,0.5500000000,2.8147973453
0.9250000000,0.5500000000,2.8782849745
0.9500000000,0.5500000000,2.9280451017
0.9750000000,0.5500000000,2.9633015679
1.0000000000,0.5500000000,2.9835042917
0.0000000000,0.5750000000,2.2634459934
0.0250000000,0.5750000000,2.1406447671
0.0500000000,0.5750000000,2.0159808724
0.0750000000,0.5750000000,1.8913400000
0.1000000000,0.5750000000,1.7686164358
0.1250000000,0.5750000000,1.6496820841
0.1500000000,0.5750000000,1.5363560994
0.1750000000,0.5750000000,1.4303755538
0.2000000000,0.5750000000,1.3333675530
0.2250000000,0.5750000000,1.2468232034
0.2500000000,0.5750000000,1.1720738042
0.2750000000,0.5750000000,1.1102696174
0.3000000000,0.5750000000,1.0623615260
0.3250000000,0.5750000000,1.0290858567
0.3500000000,0.5750000000,1.0109525924
0.3750000000,0.5750000000,1.0082371541
0.4000000000,0.5750000000,1.0209758718
0.4250000000,0.5750000000,1.0489652145
0.4500000000,0.5750000000,1.0917647849
0.4750000000,0.5750000000,1.1487040325
0.5000000000,0.5750000000,1.2188925745
0.5250000000,0.5750000000,1.3012339658
0.5500000000,0.5750000000,1.3944426972
0.5750000000,0.5750000000,1.4970641584
0.6000000000,0.5750000000,1.6074972514
0.6250000000,0.5750000000,1.7240193007
0.6500000000,0.5750000000,1.8448128705
0.6750000000,0.5750000000,1.9679940689
0.7000000000,0.5750000000,2.0916418978
0.7250000000,0.5750000000,2.2138281870
0.7500000000,0.5750000000,2.3326476464
0.7750000000,0.5750000000,2.4462475645
0.8000000000,0.5750000000,2.5528566889
0.8250000000,0.5750000000,2.6508128370
0.8500000000,0.5750000000,2.7385888035
0.8750000000,0.5750000000,2.8148161622
0.9000000000,0.5750000000,2.8783065874
0.9250000000,0.5750000000,2.9280703660
0.9500000000,0.5750000000,2.9633318121
0.9750000000,0.5750000000,2.9835413460
1.0000000000,0.5750000000,2.9883840545
0.0000000000,0.6000000000,2.1411200081
0.0250000000,0.6000000000,2.0163716223
0.0500000000,0.6000000000,1.8916556135
0.0750000000,0.6000000000,1.7688654995
0.1000000000,0.6000000000,1.6498725625
0.1250000000,0.6000000000,1.5364954120
0.1500000000,0.6000000000,1.4304706068
0.1750000000,0.6000000000,1.3334247472
0.2000000000,0.6000000000,1.2468484345
0.2250000000,0.6000000000,1.1720724665
0.2500000000,0.6000000000,1.1102466136
0.2750000000,0.6000000000,1.0623212848
0.3000000000,0.6000000000,1.0290323556
0.3250000000,0.6000000000,1.0108893836
0.3500000000,0.6000000000,1.0081673898
0.3750000000,0.6000000000,1.0209023288
0.4000000000,0.6000000000,1.0488903149
0.4250000000,0.6000000000,1.0916906139
0.4500000000,0.6000000000,1.1486323528
0.4750000000,0.6000000000,1.2188248383
0.5000000000,0.6000000000,1.3011713244
0.5250000000,0.6000000000,1.3943860102
0.5500000000,0.6000000000,1.4970140029
0.5750000000,0.6000000000,1.6074539331
0.6000000000,0.6000000000,1.7239828673
0.6250000000,0.6000000000,1.8447831287
0.6500000000,0.6000000000,1.9679706072
0.6750000000,0.6000000000,2.0916241144
0.7000000000,0.6000000000,2.2138153256
0.7250000000,0.6000000000,2.3326388399
0.7500000000,0.6000000000,2.4462418875
0.7750000000,0.6000000000,2.5528532197
0.8000000000,0.6000000000,2.6508107278
0.8250000000,0.6000000000,2.7385873582
0.8500000000,0.6000000000,2.8148149184
0.8750000000,0.6000000000,2.8783053995
0.9000000000,0.6000000000,2.9280694828
0.9250000000,0.6000000000,2.9633319427
0.9500000000,0.6000000000,2.9835437094
0.9750000000,0.6000000000,2.9883904062
1.0000000000,0.6000000000,2.9777972352
0.0000000000,0.6250000000,2.0165918922
0.0250000000,0.6250000000,1.8918303645
0.0500000000,0.6250000000,1.7689977225
0.0750000000,0.6250000000,1.6499656096
0.1000000000,0.6250000000,1.5365529638
0.1250000000,0.6250000000,1.4304965778
0.1500000000,0.6250000000,1.3334231620
0.1750000000,0.6250000000,1.2468233021
0.2000000000,0.6250000000,1.1720276736
0.2250000000,0.6250000000,1.1101858444
0.2500000000,0.6250000000,1.0622479693
0.2750000000,0.6250000000,1.0289496423
0.3000000000,0.6250000000,1.0108001297
0.3250000000,0.6250000000,1.0080741633
0.3500000000,0.6250000000,1.0208074159
0.3750000000,0.6250000000,1.0487957301
0.4000000000,0.6250000000,1.0915981096
0.4250000000,0.6250000000,1.1485434263
0.4500000000,0.6250000000,1.2187407370
0.4750000000,0.6250000000,1.3010930489
0.5000000000,0.6250000000,1.3943143157
0.5250000000,0.6250000000,1.4969494002
0.5500000000,0.6250000000,1.6073966899
0.5750000000,0.6250000000,1.7239330106
0.6000000000,0.6250000000,1.8447404507
0.6250000000,0.6250000000,1.9679346740
0.6500000000,0.6250000000,2.0915942806
0.6750000000,0.6250000000,2.2137907548
0.7000000000,0.6250000000,2.3326185340
0.7250000000,0.6250000000,2.4462247246
0.7500000000,0.6250000000,2.5528380036
0.7750000000,0.6250000000,2.6507962487
0.8000000000,0.6250000000,2.7385724668
0.8250000000,0.6250000000,2.8147986100
0.8500000000,0.6250000000,2.8782869078
0.8750000000,0.6250000000,2.9280483768
0.9000000000,0.6250000000,2.9633082208
0.9250000000,0.6250000000,2.9835178796
0.9500000000,0.6250000000,2.9883635436
0.9750000000,0.6250000000,2.9777710091
1.0000000000,0.6250000000,2.9519068060
0.0000000000,0.6500000000,1.8918048655
0.0250000000,0.6500000000,1.7689633520
0.0500000000,0.6500000000,1.6499193054
0.0750000000,0.6500000000,1.5364931627
0.1000000000,0.6500000000,1.4304229976
0.1250000000,0.6500000000,1.3333365184
0.1500000000,0.6500000000,1.2467250122
0.1750000000,0.6500000000,1.1719195859
0.2000000000,0.6500000000,1.1100700206
0.2250000000,0.6500000000,1.0621265243
0.2500000000,0.6500000000,1.0288246373
0.2750000000,0.6500000000,1.0106735081
0.3000000000,0.6500000000,1.0079477165
0.3250000000,0.6500000000,1.0206827681
0.3500000000,0.6500000000,1.0486743332
0.3750000000,0.6500000000,1.0914812424
0.4000000000,0.6500000000,1.1484321942
0.4250000000,0.6500000000,1.2186360707
0.4500000000,0.6500000000,1.3009957000
0.4750000000,0.6500000000,1.3942248515
0.5000000000,0.6500000000,1.4968681962
0.5250000000,0.6500000000,1.6073239217
0.5500000000,0.6500000000,1.7238686468
0.5750000000,0.6500000000,1.8446842462
0.6000000000,0.6500000000,1.9678861665
0.6250000000,0.6500000000,2.0915527904
0.6500000000,0.6500000000,2.2137553903
0.6750000000,0.6500000000,2.3325882030
0.7000000000,0.6500000000,2.4461981555
0.7250000000,0.6500000000,2.5528137763
0.7500000000,0.6500000000,2.6507728398
0.7750000000,0.6500000000,2.7385483092
0.8000000000,0.6500000000,2.8147721706
0.8250000000,0.6500000000,2.8782567810
0.8500000000,0.6500000000,2.9280133945
0.8750000000,0.6500000000,2.9632675710
0.9000000000,0.6500000000,2.9834712251
0.9250000000,0.6500000000,2.9883111272
0.9500000000,0.6500000000,2.9777137279
0.9750000000,0.6500000000,2.9518462426
1.0000000000,0.6500000000,2.9111139915
0.0000000000,0.6750000000,1.7687061876
0.0250000000,0.6750000000,1.6496868024
0.0500000000,0.6750000000,1.5362765773
0.0750000000,0.6750000000,1.4302162693
0.1000000000,0.6750000000,1.3331358415
0.1250000000,0.6750000000,1.2465283268
0.1500000000,0.6750000000,1.1717260766
0.1750000000,0.6750000000,1.1098796844
0.2000000000,0.6750000000,1.0619398378
0.2250000000,0.6750000000,1.0286423227
0.2500000000,0.6750000000,1.0104963839
0.2750000000,0.6750000000,1.0077766092
0.3000000000,0.6750000000,1.0205184658
0.3250000000,0.6750000000,1.0485175623
0.3500000000,0.6750000000,1.0913326564
0.3750000000,0.6750000000,1.1482923668
0.4000000000,0.6750000000,1.2185054884
0.4250000000,0.6750000000,1.3008747529
0.4500000000,0.6750000000,1.3941138210
0.4750000000,0.6750000000,1.4967672405
0.5000000000,0.6750000000,1.6072330592
0.5250000000,0.6750000000,1.7237877390
0.5500000000,0.6750000000,1.8446129803
0.5750000000,0.6750000000,1.9678240398
0.6000000000,0.6750000000,2.0914990959
0.6250000000,0.6750000000,2.2137092066
0.6500000000,0.6750000000,2.3325483886
0.6750000000,0.6750000000,2.4461633498
0.7000000000,0.6750000000,2.5527824099
0.7250000000,0.6750000000,2.6507431568
0.7500000000,0.6750000000,2.7385184051
0.7750000000,0.6750000000,2.8147400492
0.8000000000,0.6750000000,2.8782204353
0.8250000000,0.6750000000,2.9279709117
0.8500000000,0.6750000000,2.9632172630
0.8750000000,0.6750000000,2.9834117785
0.9000000000,0.6750000000,2.9882417606
0.9250000000,0.6750000000,2.9776343370
0.9500000000,0.6750000000,2.9517575072
0.9750000000,0.6750000000,2.9110174198
1.0000000000,0.6750000000,2.8560519475
0.0000000000,0.7000000000,1.6492167723
0.0250000000,0.7000000000,1.5358607727
0.0500000000,0.7000000000,1.4298406958
0.0750000000,0.7000000000,1.3327904860
0.1000000000,0.7000000000,1.2462064559
0.1250000000,0.7000000000,1.1714234280
0.1500000000,0.7000000000,1.1095937063
0.1750000000,0.7000000000,1.0616690689
0.2000000000,0.7000000000,1.0283859446
0.2250000000,0.7000000000,1.0102539294
0.2500000000,0.7000000000,1.0075477906
0.2750000000,0.7000000000,1.0203030841
0.3000000000,0.7000000000,1.0483154642
0.3250000000,0.7000000000,1.0911437160
0.3500000000,0.7000000000,1.1481164759
0.3750000000,0.7000000000,1.2183425483
0.4000000000,0.7000000000,1.3007246626
0.4250000000,0.7000000000,1.3939764611
0.4500000000,0.7000000000,1.4966424531
0.4750000000,0.7000000000,1.6071206241
0.5000000000,0.7000000000,1.7236873474
0.5250000000,0.7000000000,1.8445242080
0.5500000000,0.7000000000,1.9677463193
0.5750000000,0.7000000000,2.0914316902
0.6000000000,0.7000000000,2.2136511837
0.6250000000,0.7000000000,2.3324985994
0.6500000000,0.7000000000,2.4461204102
0.6750000000,0.7000000000,2.5527446890
0.7000000000,0.7000000000,2.6507087734
0.7250000000,0.7000000000,2.7384852376
0.7500000000,0.7000000000,2.8147057626
0.7750000000,0.7000000000,2.8781825313
0.8000000000,0.7000000000,2.9279268100
0.8250000000,0.7000000000,2.9631644177
0.8500000000,0.7000000000,2.9833478344
0.8750000000,0.7000000000,2.9881647454
0.9000000000,0.7000000000,2.9775428765
0.9250000000,0.7000000000,2.9516510355
0.9500000000,0.7000000000,2.9108963451
0.9750000000,0.7000000000,2.8559177280
1.0000000000,0.7000000000,2.7875757827
0.0000000000,0.7250000000,1.5352012120
0.0250000000,0.7250000000,1.4292599595
0.0500000000,0.7250000000,1.3322698310
0.0750000000,0.7250000000,1.2457326481
0.1000000000,0.7250000000,1.1709876315
0.1250000000,0.7250000000,1.1091902357
0.1500000000,0.7250000000,1.0612942802
0.1750000000,0.7250000000,1.0280373986
0.2000000000,0.7250000000,1.0099298419
0.2250000000,0.7250000000,1.0072467161
0.2500000000,0.7250000000,1.0200237585
0.2750000000,0.7250000000,1.0480567418
0.3000000000,0.7250000000,1.0909045534
0.3250000000,0.7250000000,1.1478959323
0.3500000000,0.7250000000,1.2181397867
0.3750000000,0.7250000000,1.3005389445
0.4000000000,0.7250000000,1.3938071317
0.4250000000,0.7250000000,1.4964889193
0.4500000000,0.7250000000,1.6069823255
0.4750000000,0.7250000000,1.7235637230
0.5000000000,0.7250000000,1.8444146597
0.5250000000,0.7250000000,1.9676501740
0.5500000000,0.7250000000,2.0913481612
0.5750000000,0.7250000000,2.2135793331
0.6000000000,0.7250000000,2.3324373006
0.6250000000,0.7250000000,2.4460683129
0.6500000000,0.7250000000,2.5527001870
0.6750000000,0.7250000000,2.6506699769
0.7000000000,0.7250000000,2.7384499533
0.7250000000,0.7250000000,2.8146714853
0.7500000000,0.7250000000,2.8781464545
0.7750000000,0.7250000000,2.9278858620
0.8000000000,0.7250000000,2.9631153367
0.8250000000,0.7250000000,2.9832872927
0.8500000000,0.7250000000,2.9880895333
0.8750000000,0.7250000000,2.9774501497
0.9000000000,0.7250000000,2.9515386135
0.9250000000,0.7250000000,2.9107630268
0.9500000000,0.7250000000,2.8557635619
0.9750000000,0.7250000000,2.7874022111
1.0000000000,0.7250000000,2.7067490642
0.0000000000,0.7500000000,1.4284386813
0.0250000000,0.7500000000,1.3315457296
0.0500000000,0.7500000000,1.2450828443
0.0750000000,0.7500000000,1.1703967186
0.1000000000,0.7500000000,1.1086484649
0.1250000000,0.7500000000,1.0607956170
0.1500000000,0.7500000000,1.0275779324
0.1750000000,0.7500000000,1.0095067148
0.2000000000,0.7500000000,1.0068575183
0.2250000000,0.7500000000,1.0196662531
0.2500000000,0.7500000000,1.0477287830
0.2750000000,0.7500000000,1.0906040953
0.3000000000,0.7500000000,1.1476210677
0.3250000000,0.7500000000,1.2178887824
0.3500000000,0.7500000000,1.3003102599
0.3750000000,0.7500000000,1.3935994191
0.4000000000,0.7500000000,1.4963010065
0.4250000000,0.7500000000,1.6068131862
0.4500000000,0.7500000000,1.7234124381
0.4750000000,0.7500000000,1.8442803726
0.5000000000,0.7500000000,1.9675320429
0.5250000000,0.7500000000,2.0912453101
0.5500000000,0.7500000000,2.2134908015
0.5750000000,0.7500000000,2.3323619939
0.6000000000,0.7500000000,2.4460049526
0.6250000000,0.7500000000,2.5526472614
0.6500000000,0.7500000000,2.6506256935
0.6750000000,0.7500000000,2.7384121924
0.7000000000,0.7500000000,2.8146377596
0.7250000000,0.7500000000,2.8781138759
0.7500000000,0.7500000000,2.9278511267
0.7750000000,0.7500000000,2.9630747372
0.8000000000,0.7500000000,2.9832367733
0.8250000000,0.7500000000,2.9880248113
0.8500000000,0.7500000000,2.9773669224
0.8750000000,0.7500000000,2.9514328706
0.9000000000,0.7500000000,2.9106314651
0.9250000000,0.7500000000,2.8556040664
0.9500000000,0.7500000000,2.7872143106
0.9750000000,0.7500000000,2.7065342187
1.0000000000,0.7500000000,2.6148269869
0.0000000000,0.7750000000,1.3305951738
0.0250000000,0.7750000000,1.2442397231
0.0500000000,0.7750000000,1.1696348602
0.0750000000,0.7750000000,1.1079519335
0.1000000000,0.7750000000,1.0601555538
0.1250000000,0.7750000000,1.0269894542
0.1500000000,0.7750000000,1.0089666749
0.1750000000,0.7750000000,1.0063632398
0.2000000000,0.7750000000,1.0192149917
0.2250000000,0.7750000000,1.0473176191
0.2500000000,0.7750000000,1.0902300203
0.2750000000,0.7750000000,1.1472811241
0.3000000000,0.7750000000,1.2175801870
0.3250000000,0.7750000000,1.3000304871
0.3500000000,0.7750000000,1.3933462404
0.3750000000,0.7750000000,1.4960724941
0.4000000000,0.7750000000,1.6066076902
0.4250000000,0.7750000000,1.7232285458
0.4500000000,0.7750000000,1.8441168574
0.4750000000,0.7750000000,1.9673878065
0.5000000000,0.7750000000,2.0911193223
0.5250000000,0.7750000000,2.2133820386
0.5500000000,0.7750000000,2.3322693770
0.5750000000,0.7750000000,2.4459272859
0.6000000000,0.7750000000,2.5525831697
0.6250000000,0.7750000000,2.6505735592
0.6500000000,0.7750000000,2.7383700903
0.6750000000,0.7750000000,2.8146033907
0.7000000000,0.7750000000,2.8780845009
0.7250000000,0.7750000000,2.9278235027
0.7500000000,0.7750000000,2.9630450647
0.7750000000,0.7750000000,2.9832006675
0.8000000000,0.7750000000,2.9879773182
0.8250000000,0.7750000000,2.9773026122
0.8500000000,0.7750000000,2.9513460498
0.8750000000,0.7750000000,2.9105165518
0.9000000000,0.7750000000,2.8554561561
0.9250000000,0.7750000000,2.7870299107
0.9500000000,0.7750000000,2.7063120309
0.9750000000,0.7750000000,2.6145684920
1.0000000000,0.7750000000,2.5132364187
0.0000000000,0.8000000000,1.2431975047
0.0250000000,0.8000000000,1.1686992476
0.0500000000,0.8000000000,1.1070948755
0.0750000000,0.8000000000,1.0593634303
0.1000000000,0.8000000000,1.0262571602
0.1250000000,0.8000000000,1.0082925757
0.1500000000,0.8000000000,1.0057461601
0.1750000000,0.8000000000,1.0186529652
0.2000000000,0.8000000000,1.0468076958
0.2250000000,0.8000000000,1.0897685412
0.2500000000,0.8000000000,1.1468641082
0.2750000000,0.8000000000,1.2172036668
0.3000000000,0.8000000000,1.2996907412
0.3250000000,0.8000000000,1.3930399264
0.3500000000,0.8000000000,1.4957967029
0.3750000000,0.8000000000,1.6063599448
0.4000000000,0.8000000000,1.7230067647
0.4250000000,0.8000000000,1.8439192976
0.4500000000,0.8000000000,1.9672129948
0.4750000000,0.8000000000,2.0909659823
0.5000000000,0.8000000000,2.2132490159
0.5250000000,0.8000000000,2.3321555655
0.5500000000,0.8000000000,2.4458315539
0.5750000000,0.8000000000,2.5525042870
0.6000000000,0.8000000000,2.6505101225
0.6250000000,0.8000000000,2.7383204469
0.6500000000,0.8000000000,2.8145655565
0.6750000000,0.8000000000,2.8780560731
0.7000000000,0.8000000000,2.9278015644
0.7250000000,0.8000000000,2.9630260837
0.7500000000,0.8000000000,2.9831803935
0.7750000000,0.8000000000,2.9879506911
0.8000000000,0.8000000000,2.9772637067
0.8250000000,0.8000000000,2.9512880991
0.8500000000,0.8000000000,2.9104321181
0.8750000000,0.8000000000,2.8553375372
0.9000000000,0.8000000000,2.7868698754
0.9250000000,0.8000000000,2.7061049211
0.9500000000,0.8000000000,2.6143115731
0.9750000000,0.8000000000,2.5129310825
1.0000000000,0.8000000000,2.4035530402
0.0000000000,0.8250000000,1.1676094854
0.0250000000,0.8250000000,1.1060944015
0.0500000000,0.8250000000,1.0584252754
0.0750000000,0.8250000000,1.0253754130
0.1000000000,0.8250000000,1.0074705735
0.1250000000,0.8250000000,1.0049883464
0.1500000000,0.8250000000,1.0179613322
0.1750000000,0.8250000000,1.0461811927
0.2000000000,0.8250000000,1.0892037768
0.2250000000,0.8250000000,1.1463563399
0.2500000000,0.8250000000,1.2167476418
0.2750000000,0.8250000000,1.2992812758
0.3000000000,0.8250000000,1.3926722460
0.3250000000,0.8250000000,1.4954666054
0.3500000000,0.8250000000,1.6060638481
0.3750000000,0.8250000000,1.7227416822
0.4000000000,0.8250000000,1.8436827751
0.4250000000,0.8250000000,1.9670030275
0.4500000000,0.8250000000,2.0907809237
0.4750000000,0.8250000000,2.2130874862
0.5000000000,0.8250000000,2.3320163612
0.5250000000,0.8250000000,2.4457135608
0.5500000000,0.8250000000,2.5524063956
0.5750000000,0.8250000000,2.6504311451
0.6000000000,0.8250000000,2.7382590330
0.6250000000,0.8250000000,2.8145201046
0.6500000000,0.8250000000,2.8780246348
0.6750000000,0.8250000000,2.9277817366
0.7000000000,0.8250000000,2.9630148843
0.7250000000,0.8250000000,2.9831741175
0.7500000000,0.8250000000,2.9879447460
0.7750000000,0.8250000000,2.9772524344
0.8000000000,0.8250000000,2.9512646052
0.8250000000,0.8250000000,2.9103881584
0.8500000000,0.8250000000,2.8552635551
0.8750000000,0.8250000000,2.7867553435
0.9000000000,0.8250000000,2.7059392005
0.9250000000,0.8250000000,2.6140854922
0.9500000000,0.8250000000,2.5126392399
0.9750000000,0.8250000000,2.4031962930
1.0000000000,0.8250000000,2.2874757544
0.0000000000,0.8500000000,1.1050106418
0.0250000000,0.8500000000,1.0573862008
0.0500000000,0.8500000000,1.0243626017
0.0750000000,0.8500000000,1.0064967753
0.1000000000,0.8500000000,1.0040729915
0.1250000000,0.8500000000,1.0171183190
0.1500000000,0.8500000000,1.0454162691
0.1750000000,0.8500000000,1.0885161724
0.2000000000,0.8500000000,1.1457413107
0.2250000000,0.8500000000,1.2161985851
0.2500000000,0.8500000000,1.2987911328
0.2750000000,0.8500000000,1.3922343040
0.3000000000,0.8500000000,1.4950748879
0.3250000000,0.8500000000,1.6057132527
0.3500000000,0.8500000000,1.7224279782
0.3750000000,0.8500000000,1.8434025277
0.4000000000,0.8500000000,1.9667534893
0.4250000000,0.8500000000,2.0905599150
0.4500000000,0.8500000000,2.2128932761
0.4750000000,0.8500000000,2.3318475533
0.5000000000,0.8500000000,2.4455689873
0.5250000000,0.8500000000,2.5522850178
0.5500000000,0.8500000000,2.6503319589
0.5750000000,0.8500000000,2.7381809785
0.6000000000,0.8500000000,2.8144619743
0.6250000000,0.8500000000,2.8779849784
0.6500000000,0.8500000000,2.9277587543
0.6750000000,0.8500000000,2.9630063044
0.7000000000,0.8500000000,2.9831770469
0.7250000000,0.8500000000,2.9879554853
0.7500000000,0.8500000000,2.9772662456
0.7750000000,0.8500000000,2.9512754267
0.8000000000,0.8500000000,2.9103882716
0.8250000000,0.8500000000,2.8552432406
0.8500000000,0.8500000000,2.7867026302
0.8750000000,0.8500000000,2.7058399270
0.9000000000,0.8500000000,2.6139240764
0.9250000000,0.8500000000,2.5124007146
0.9500000000,0.8500000000,2.4028700779
0.9750000000,0.8500000000,2.2870607767
1.0000000000,0.8500000000,2.1667983807
0.0000000000,0.8750000000,1.0563778077
0.0250000000,0.8750000000,1.0233031770
0.0500000000,0.8750000000,1.0053978834
0.0750000000,0.8750000000,1.0029891263
0.1000000000,0.8750000000,1.0160966198
0.1250000000,0.8750000000,1.0444826340
0.1500000000,0.8750000000,1.0876786101
0.1750000000,0.8750000000,1.1449969583
0.2000000000,0.8750000000,1.2155393690
0.2250000000,0.8750000000,1.2982072787
0.2500000000,0.8750000000,1.3917161984
0.2750000000,0.8750000000,1.4946139248
0.3000000000,0.8750000000,1.6053021232
0.3250000000,0.8750000000,1.7220606814
0.3500000000,0.8750000000,1.8430742535
0.3750000000,0.8750000000,1.9664604549
0.4000000000,0.8750000000,2.0902991904
0.4250000000,0.8750000000,2.2126626176
0.4500000000,0.8750000000,2.3316452516
0.4750000000,0.8750000000,2.4453937302
0.5000000000,0.8750000000,2.5521357679
0.5250000000,0.8750000000,2.6502078434
0.5500000000,0.8750000000,2.7380811876
0.5750000000,0.8750000000,2.8143856664
0.6000000000,0.8750000000,2.8779311855
0.6250000000,0.8750000000,2.9277262851
0.6500000000,0.8750000000,2.9629936346
0.6750000000,0.8750000000,2.9831821909
0.7000000000,0.8750000000,2.9879758328
0.7250000000,0.8750000000,2.9772983470
0.7500000000,0.8750000000,2.9513147019
0.7750000000,0.8750000000,2.9104286139
0.8000000000,0.8750000000,2.8552764862
0.8250000000,0.8750000000,2.7867178845
0.8500000000,0.8750000000,2.7058228063
0.8750000000,0.8750000000,2.6138560936
0.9000000000,0.8750000000,2.5122593911
0.9250000000,0.8750000000,2.4026309406
0.9500000000,0.8750000000,2.2867029459
0.9750000000,0.8750000000,2.1663147963
1.0000000000,0.8750000000,2.0433781678
0.0000000000,0.9000000000,1.0224698823
0.0250000000,0.9000000000,1.0043085002
0.0500000000,0.9000000000,1.0017530079
0.0750000000,0.9000000000,1.0148580167
0.1000000000,0.9000000000,1.0433298108
0.1250000000,0.9000000000,1.0866464075
0.1500000000,0.9000000000,1.1440890554
0.1750000000,0.9000000000,1.2147454841
0.2000000000,0.9000000000,1.2975127088
0.2250000000,0.9000000000,1.3911062489
0.2500000000,0.9000000000,1.4940756321
0.2750000000,0.9000000000,1.6048247137
0.3000000000,0.9000000000,1.7216355007
0.3250000000,0.9000000000,1.8426945057
0.3500000000,0.9000000000,1.9661208996
0.3750000000,0.9000000000,2.0899958545
0.4000000000,0.9000000000,2.2123925399
0.4250000000,0.9000000000,2.3314062639
0.4500000000,0.9000000000,2.4451842704
0.4750000000,0.9000000000,2.5519547211
0.5000000000,0.9000000000,2.6500544057
0.5250000000,0.9000000000,2.7379547475
0.5500000000,0.9000000000,2.8142857000
0.5750000000,0.9000000000,2.8778571607
0.6000000000,0.9000000000,2.9276775700
0.6250000000,0.9000000000,2.9629694054
0.6500000000,0.9000000000,2.9831813297
0.6750000000,0.9000000000,2.9879968063
0.7000000000,0.9000000000,2.9773390486
0.7250000000,0.9000000000,2.9513722320
0.7500000000,0.9000000000,2.9104989615
0.7750000000,0.9000000000,2.8553540530
0.8000000000,0.9000000000,2.7867947712
0.8250000000,0.9000000000,2.7058877563
0.8500000000,0.9000000000,2.6138930063
0.8750000000,0.9000000000,2.5122454554
0.9000000000,0.9000000000,2.4025349274
0.9250000000,0.9000000000,2.2864854339
0.9500000000,0.9000000000,2.1659344549
0.9750000000,0.9000000000,2.0428104402
1.0000000000,0.9000000000,1.9190991989
0.0000000000,0.9250000000,1.0038159875
0.0250000000,0.9250000000,1.0005319407
0.0500000000,0.9250000000,1.0133477971
0.0750000000,0.9250000000,1.0418521857
0.1000000000,0.9250000000,1.0853287393
0.1250000000,0.9250000000,1.1429540748
0.1500000000,0.9250000000,1.2137762528
0.1750000000,0.9250000000,1.2966825119
0.2000000000,0.9250000000,1.3903895826
0.2250000000,0.9250000000,1.4934512644
0.2500000000,0.9250000000,1.6042759006
0.2750000000,0.9250000000,1.7211493638
0.3000000000,0.9250000000,1.8422612823
0.3250000000,0.9250000000,1.9657332747
0.3500000000,0.9250000000,2.0896484186
0.3750000000,0.9250000000,2.2120813603
0.4000000000,0.9250000000,2.3311285462
0.4250000000,0.9250000000,2.4449380901
0.4500000000,0.9250000000,2.5517388075
0.4750000000,0.9250000000,2.6498679654
0.5000000000,0.9250000000,2.7377973188
0.5250000000,0.9250000000,2.8141570302
0.5500000000,0.9250000000,2.8777571015
0.5750000000,0.9250000000,2.9276059857
0.6000000000,0.9250000000,2.9629260898
0.6250000000,0.9250000000,2.9831659263
0.6500000000,0.9250000000,2.9880087242
0.6750000000,0.9250000000,2.9773773653
0.7000000000,0.9250000000,2.9514355657
0.7250000000,0.9250000000,2.9105852862
0.7500000000,0.9250000000,2.8554604112
0.7750000000,0.9250000000,2.7869168037
0.8000000000,0.9250000000,2.7060189136
0.8250000000,0.9250000000,2.6140232093
0.8500000000,0.9250000000,2.5123588438
0.8750000000,0.9250000000,2.4026062234
0.9000000000,0.9250000000,2.2864746592
0.9250000000,0.9250000000,2.1657812575
0.9500000000,0.9250000000,2.0424346327
0.9750000000,0.9250000000,1.9184268381
1.0000000000,0.9250000000,1.7958238261
0.0000000000,0.9500000000,1.0007072110
0.0250000000,0.9500000000,1.0115779876
0.0500000000,0.9500000000,1.0397603776
0.0750000000,0.9500000000,1.0834898265
0.1000000000,0.9500000000,1.1414489487
0.1250000000,0.9500000000,1.2125535522
0.1500000000,0.9500000000,1.2956762666
0.1750000000,0.9500000000,1.3895462692
0.2000000000,0.9500000000,1.4927317241
0.2250000000,0.9500000000,1.6036521843
0.2500000000,0.9500000000,1.7206015392
0.2750000000,0.9500000000,1.8417750687
0.3000000000,0.9500000000,1.9652984172
0.3250000000,0.9500000000,2.0892575793
0.3500000000,0.9500000000,2.2117293494
0.3750000000,0.9500000000,2.3308117760
0.4000000000,0.9500000000,2.4446541741
0.4250000000,0.9500000000,2.5514862587
0.4500000000,0.9500000000,2.6496459623
0.4750000000,0.9500000000,2.7376055207
0.5000000000,0.9500000000,2.8139954282
0.5250000000,0.9500000000,2.8776258968
0.5500000000,0.9500000000,2.9275054899
0.5750000000,0.9500000000,2.9628566411
0.6000000000,0.9500000000,2.9831278193
0.6250000000,0.9500000000,2.9880021495
0.6500000000,0.9500000000,2.9774023532
0.6750000000,0.9500000000,2.9514919293
0.7000000000,0.9500000000,2.9106725504
0.7250000000,0.9500000000,2.8555777093
0.7500000000,0.9500000000,2.7870627012
0.7750000000,0.9500000000,2.7061910834
0.8000000000,0.9500000000,2.6142178042
0.8250000000,0.9500000000,2.5125692480
0.8500000000,0.9500000000,2.4028205306
0.8750000000,0.9500000000,2.2866705704
0.9000000000,0.9500000000,2.1659160305
0.9250000000,0.9500000000,2.0424269858
0.9500000000,0.9500000000,1.9181323963
0.9750000000,0.9500000000,1.7950367557
1.0000000000,0.9500000000,1.6753066408
0.0000000000,0.9750000000,1.0131920643
0.0250000000,0.9750000000,1.0358818791
0.0500000000,0.9750000000,1.0802638468
0.0750000000,0.9750000000,1.1391704689
0.1000000000,0.9750000000,1.2109088864
0.1250000000,0.9750000000,1.2944273405
0.1500000000,0.9750000000,1.3885525006
0.1750000000,0.9750000000,1.4919111604
0.2000000000,0.9750000000,1.6029551189
0.2250000000,0.9750000000,1.7199963757
0.2500000000,0.9750000000,1.8412409280
0.2750000000,0.9750000000,1.9648211387
0.3000000000,0.9750000000,2.0888274412
0.3250000000,0.9750000000,2.2113396928
0.3500000000,0.9750000000,2.3304581253
0.3750000000,0.9750000000,2.4443336456
0.4000000000,0.9750000000,2.5511971425
0.4250000000,0.9750000000,2.6493874161
0.4500000000,0.9750000000,2.7373773360
0.4750000000,0.9750000000,2.8137978490
0.5000000000,0.9750000000,2.8774594752
0.5250000000,0.9750000000,2.9273709707
0.5500000000,0.9750000000,2.9627548703
0.5750000000,0.9750000000,2.9830596720
0.6000000000,0.9750000000,2.9879684759
0.6250000000,0.9750000000,2.9774039411
0.6500000000,0.9750000000,2.9515294824
0.6750000000,0.9750000000,2.9107466814
0.7000000000,0.9750000000,2.8556889464
0.7250000000,0.9750000000,2.7872115035
0.7500000000,0.9750000000,2.7063778525
0.7750000000,0.9750000000,2.6144428591
0.8000000000,0.9750000000,2.5128326784
0.8250000000,0.9750000000,2.4031216996
0.8500000000,0.9750000000,2.2870066495
0.8750000000,0.9750000000,2.1662778536
0.9000000000,0.9750000000,2.0427874553
0.9250000000,0.9750000000,1.9184146334
0.9500000000,0.9750000000,1.7950321987
0.9750000000,0.9750000000,1.6745094422
1.0000000000,0.9750000000,1.5589676883
0.0000000000,1.0000000000,1.0410757253
0.0250000000,1.0000000000,1.0683192513
0.0500000000,1.0000000000,1.1345269423
0.0750000000,1.0000000000,1.2084925744
0.1000000000,1.0000000000,1.2928698465
0.1250000000,1.0000000000,1.3874096276
0.1500000000,1.0000000000,1.4910059389
0.1750000000,1.0000000000,1.6022027973
0.2000000000,1.0000000000,1.7193503083
0.2250000000,1.0000000000,1.8406729190
0.2500000000,1.0000000000,1.9643131312
0.2750000000,1.0000000000,2.0883675163
0.3000000000,1.0000000000,2.2109199261
0.3250000000,1.0000000000,2.3300733334
0.3500000000,1.0000000000,2.4439805966
0.3750000000,1.0000000000,2.5508740265
0.4000000000,1.0000000000,2.6490934698
0.4250000000,1.0000000000,2.7371125658
0.4500000000,1.0000000000,2.8135628182
0.4750000000,1.0000000000,2.8772551385
0.5000000000,1.0000000000,2.9271985419
0.5250000000,1.0000000000,2.9626157180
0.5500000000,1.0000000000,2.9829552392
0.5750000000,1.0000000000,2.9879002209
0.6000000000,1.0000000000,2.9773733003
0.6250000000,1.0000000000,2.9515378561
0.6500000000,1.0000000000,2.9107954460
0.6750000000,1.0000000000,2.8557794992
0.7000000000,1.0000000000,2.7873453495
0.7250000000,1.0000000000,2.7065567492
0.7500000000,1.0000000000,2.6146690464
0.7750000000,1.0000000000,2.5131092356
0.8000000000,1.0000000000,2.4034531028
0.8250000000,1.0000000000,2.2873996394
0.8500000000,1.0000000000,2.1667427392
0.8750000000,1.0000000000,2.0433397152
0.9000000000,1.0000000000,1.9190747065
0.9250000000,1.0000000000,1.7958101150
0.9500000000,1.0000000000,1.6753005777
0.9750000000,1.0000000000,1.5589661822
1.0000000000,1.0000000000,1.4470701414
